{"t_instantiation": 2.7194063663482666, "t_onboarding": 0.5230286121368408}