{"t_instantiation": 2.528053045272827, "t_onboarding": 0.5843708515167236}