{"t_instantiation": 2.710426092147827, "t_onboarding": 0.5565636157989502}