{"t_instantiation": 2.5355324745178223, "t_onboarding": 0.5949668884277344}