{"t_instantiation": 2.7183754444122314, "t_onboarding": 0.5435278415679932}