{"t_instantiation": 2.7116103172302246, "t_onboarding": 0.46739959716796875}