{"t_instantiation": 2.7649900913238525, "t_onboarding": 0.4907653331756592}