{"t_instantiation": 2.5310559272766113, "t_onboarding": 0.5555856227874756}