{"t_instantiation": 2.6475512981414795, "t_onboarding": 0.5812113285064697}