{"t_instantiation": 2.706631898880005, "t_onboarding": 0.5999832153320312}