{"t_instantiation": 2.6648597717285156, "t_onboarding": 0.5695540904998779}