{"t_instantiation": 2.711620569229126, "t_onboarding": 0.5878043174743652}