{"t_instantiation": 2.6480438709259033, "t_onboarding": 0.5597424507141113}