{"t_instantiation": 2.659965991973877, "t_onboarding": 0.5600178241729736}