{"t_instantiation": 3.1228697299957275, "t_onboarding": 0.14543914794921875}