{"t_instantiation": 2.6669106483459473, "t_onboarding": 0.5809242725372314}