{"t_instantiation": 2.5543317794799805, "t_onboarding": 0.5683479309082031}