{"t_instantiation": 3.1749625205993652, "t_onboarding": 0.13514184951782227}