{"t_instantiation": 2.396071195602417, "t_onboarding": 0.5181376934051514}