{"t_instantiation": 2.6442384719848633, "t_onboarding": 0.5772793292999268}