{"t_instantiation": 3.1361289024353027, "t_onboarding": 0.15546226501464844}