{"t_instantiation": 3.1534011363983154, "t_onboarding": 0.14019417762756348}