{"t_instantiation": 3.1550533771514893, "t_onboarding": 0.14339733123779297}