{"t_instantiation": 2.76474666595459, "t_onboarding": 0.5429000854492188}