{"t_instantiation": 2.3835506439208984, "t_onboarding": 0.5380299091339111}