{"t_instantiation": 3.243022918701172, "t_onboarding": 0.13480830192565918}