{"t_instantiation": 2.7325172424316406, "t_onboarding": 0.5579018592834473}