{"t_instantiation": 2.7000746726989746, "t_onboarding": 0.5590260028839111}