{"t_instantiation": 2.6467623710632324, "t_onboarding": 0.5367100238800049}