{"t_instantiation": 2.543787717819214, "t_onboarding": 0.566251277923584}