{"t_instantiation": 2.7999515533447266, "t_onboarding": 0.5583655834197998}