{"t_instantiation": 2.741809368133545, "t_onboarding": 0.5545103549957275}