{"t_instantiation": 3.135385036468506, "t_onboarding": 0.13657855987548828}