{"t_instantiation": 3.16821551322937, "t_onboarding": 0.13666510581970215}