{"t_instantiation": 2.8890182971954346, "t_onboarding": 0.5077075958251953}