{"t_instantiation": 2.6652016639709473, "t_onboarding": 0.5713188648223877}