{"t_instantiation": 2.5299904346466064, "t_onboarding": 0.5533115863800049}