{"t_instantiation": 2.655571699142456, "t_onboarding": 0.5714244842529297}