{"t_instantiation": 3.208188056945801, "t_onboarding": 0.13822650909423828}