{"t_instantiation": 3.0691328048706055, "t_onboarding": 0.13094711303710938}