{"t_instantiation": 3.2379021644592285, "t_onboarding": 0.1310269832611084}