{"t_instantiation": 3.2029333114624023, "t_onboarding": 0.1479625701904297}