{"t_instantiation": 3.0361220836639404, "t_onboarding": 0.14165878295898438}