{"t_instantiation": 2.657491683959961, "t_onboarding": 0.546933650970459}