{"t_instantiation": 2.5718863010406494, "t_onboarding": 0.5413804054260254}