{"t_instantiation": 3.133291006088257, "t_onboarding": 0.12459301948547363}