{"t_instantiation": 2.7167463302612305, "t_onboarding": 0.5969228744506836}