{"t_instantiation": 2.4640979766845703, "t_onboarding": 0.5503673553466797}