{"t_instantiation": 3.134925365447998, "t_onboarding": 0.1332259178161621}