{"t_instantiation": 3.2450332641601562, "t_onboarding": 0.14492249488830566}