{"t_instantiation": 2.6876444816589355, "t_onboarding": 0.49033236503601074}