{"t_instantiation": 2.59645676612854, "t_onboarding": 0.5815870761871338}