{"t_instantiation": 3.088005781173706, "t_onboarding": 0.13392281532287598}