{"t_instantiation": 3.2012689113616943, "t_onboarding": 0.1335897445678711}