{"t_instantiation": 3.0969719886779785, "t_onboarding": 0.13666391372680664}