{"t_instantiation": 3.1671605110168457, "t_onboarding": 0.14787077903747559}