{"t_instantiation": 3.152615547180176, "t_onboarding": 0.13818621635437012}