{"t_instantiation": 3.153564214706421, "t_onboarding": 0.1411759853363037}