{"t_instantiation": 3.162043571472168, "t_onboarding": 0.13553500175476074}