{"t_instantiation": 2.6932945251464844, "t_onboarding": 0.5107498168945312}