{"t_instantiation": 2.7386415004730225, "t_onboarding": 0.5573270320892334}