{"count": 100, "total_time": 0.26729702949523926, "rps": 374.11564276953953, "avg": 0.002480182647705078, "min": 0.0018491744995117188, "max": 0.012781143188476562, "amp": 0.010931968688964844, "stdev": 0.001230435703052955, "requesttimes": [0.012781143188476562, 0.003020763397216797, 0.0025811195373535156, 0.0025899410247802734, 0.0024640560150146484, 0.0025658607482910156, 0.0018918514251708984, 0.002074003219604492, 0.0019328594207763672, 0.0019991397857666016, 0.002190113067626953, 0.002429962158203125, 0.002006053924560547, 0.001961946487426758, 0.0024881362915039062, 0.0020020008087158203, 0.0021610260009765625, 0.0021638870239257812, 0.002240896224975586, 0.001962900161743164, 0.0019659996032714844, 0.0019969940185546875, 0.0019588470458984375, 0.0019860267639160156, 0.002148866653442383, 0.006151914596557617, 0.0031158924102783203, 0.0032339096069335938, 0.0031180381774902344, 0.006215095520019531, 0.0030519962310791016, 0.0032548904418945312, 0.003083944320678711, 0.0033020973205566406, 0.0025501251220703125, 0.0021371841430664062, 0.002285003662109375, 0.0031881332397460938, 0.0030820369720458984, 0.002640962600708008, 0.002576112747192383, 0.0021638870239257812, 0.002521038055419922, 0.0025479793548583984, 0.0024089813232421875, 0.0023870468139648438, 0.002440929412841797, 0.0025169849395751953, 0.002927064895629883, 0.002505064010620117, 0.002192974090576172, 0.0021882057189941406, 0.001973867416381836, 0.002050161361694336, 0.002010822296142578, 0.0019559860229492188, 0.002125978469848633, 0.0020608901977539062, 0.002311229705810547, 0.002042055130004883, 0.0019299983978271484, 0.002238035202026367, 0.0031549930572509766, 0.0020308494567871094, 0.0024559497833251953, 0.0023789405822753906, 0.0021228790283203125, 0.0021829605102539062, 0.0020499229431152344, 0.0020589828491210938, 0.002007007598876953, 0.0020771026611328125, 0.002048015594482422, 0.002146005630493164, 0.002006053924560547, 0.0019719600677490234, 0.001964092254638672, 0.002905130386352539, 0.0019330978393554688, 0.0021810531616210938, 0.002341032028198242, 0.001928091049194336, 0.0018491744995117188, 0.0018939971923828125, 0.002351045608520508, 0.002193927764892578, 0.0019440650939941406, 0.001981019973754883, 0.0019741058349609375, 0.002785921096801758, 0.0019719600677490234, 0.0027129650115966797, 0.002260923385620117, 0.0018939971923828125, 0.0023238658905029297, 0.00189208984375, 0.002048969268798828, 0.0020351409912109375, 0.0020101070404052734, 0.0018999576568603516]}
