{"t_instantiation": 3.1641452312469482, "t_onboarding": 0.14081501960754395}