{"t_instantiation": 2.773671865463257, "t_onboarding": 0.5549416542053223}