{"t_instantiation": 2.7233996391296387, "t_onboarding": 0.5217986106872559}