{"t_instantiation": 3.046546459197998, "t_onboarding": 0.1519184112548828}