{"t_instantiation": 2.3995721340179443, "t_onboarding": 0.560889720916748}