{"t_instantiation": 2.627533435821533, "t_onboarding": 0.5198071002960205}