{"t_instantiation": 2.769218921661377, "t_onboarding": 0.5186231136322021}