{"t_instantiation": 2.7986912727355957, "t_onboarding": 0.5215859413146973}