{"t_instantiation": 2.7112083435058594, "t_onboarding": 0.498521089553833}