{"t_instantiation": 2.506683349609375, "t_onboarding": 0.5498950481414795}