{"t_instantiation": 3.090219020843506, "t_onboarding": 0.13487792015075684}