{"t_instantiation": 2.6172025203704834, "t_onboarding": 0.5440480709075928}