{"t_instantiation": 2.4141366481781006, "t_onboarding": 0.4955117702484131}