{"t_instantiation": 3.0785071849823, "t_onboarding": 0.14364147186279297}