{"t_instantiation": 2.6541860103607178, "t_onboarding": 0.5157802104949951}