{"t_instantiation": 2.769087076187134, "t_onboarding": 0.5669205188751221}