{"t_instantiation": 3.204746723175049, "t_onboarding": 0.1315004825592041}