{"t_instantiation": 3.1451499462127686, "t_onboarding": 0.12383079528808594}