{"t_instantiation": 3.2387402057647705, "t_onboarding": 0.14260077476501465}