{"t_instantiation": 3.3031041622161865, "t_onboarding": 0.13723087310791016}