{"t_instantiation": 7.806027173995972, "t_onboarding": 0.5341105461120605}