{"t_instantiation": 2.7018675804138184, "t_onboarding": 0.6026842594146729}