{"t_instantiation": 2.8025448322296143, "t_onboarding": 0.5476713180541992}