{"t_instantiation": 2.610628128051758, "t_onboarding": 0.5462286472320557}