{"t_instantiation": 2.7382397651672363, "t_onboarding": 0.521449089050293}