{"t_instantiation": 2.5273568630218506, "t_onboarding": 0.5969939231872559}