{"t_instantiation": 3.1534810066223145, "t_onboarding": 0.14513874053955078}