{"t_instantiation": 2.6424758434295654, "t_onboarding": 0.5696353912353516}