{"t_instantiation": 2.6121273040771484, "t_onboarding": 0.5708131790161133}