{"t_instantiation": 2.6447885036468506, "t_onboarding": 0.5261828899383545}