{"t_instantiation": 2.705051898956299, "t_onboarding": 0.49667859077453613}