{"t_instantiation": 3.243626117706299, "t_onboarding": 0.11258554458618164}