{"t_instantiation": 2.583002805709839, "t_onboarding": 0.5424118041992188}