{"t_instantiation": 2.569103717803955, "t_onboarding": 0.5790910720825195}