{"t_instantiation": 2.6639740467071533, "t_onboarding": 0.5760445594787598}