{"t_instantiation": 2.7295405864715576, "t_onboarding": 0.5381069183349609}