{"t_instantiation": 2.673158645629883, "t_onboarding": 0.5531132221221924}