{"t_instantiation": 2.640354633331299, "t_onboarding": 0.5273969173431396}