{"t_instantiation": 3.137392997741699, "t_onboarding": 0.13157320022583008}