{"t_instantiation": 3.1758291721343994, "t_onboarding": 0.14719223976135254}