{"t_instantiation": 3.1742711067199707, "t_onboarding": 0.14277958869934082}