{"t_instantiation": 2.5359225273132324, "t_onboarding": 0.565054178237915}