{"t_instantiation": 2.7708868980407715, "t_onboarding": 0.5806429386138916}