{"t_instantiation": 2.5336310863494873, "t_onboarding": 0.4997422695159912}