{"t_instantiation": 2.549868106842041, "t_onboarding": 0.5077600479125977}