{"t_instantiation": 2.720395565032959, "t_onboarding": 0.5769312381744385}