{"t_instantiation": 2.6587564945220947, "t_onboarding": 0.5707876682281494}